{
  "providers": {
    "awscloudformation": {
      "AuthRoleName": "amplify-store-dev-00237-authRole",
      "UnauthRoleArn": "arn:aws:iam::463859809428:role/amplify-store-dev-00237-unauthRole",
      "AuthRoleArn": "arn:aws:iam::463859809428:role/amplify-store-dev-00237-authRole",
      "Region": "us-west-2",
      "DeploymentBucketName": "amplify-store-dev-00237-deployment",
      "UnauthRoleName": "amplify-store-dev-00237-unauthRole",
      "StackName": "amplify-store-dev-00237",
      "StackId": "arn:aws:cloudformation:us-west-2:463859809428:stack/amplify-store-dev-00237/1a9a44a0-b675-11ed-be31-06332e0a879f",
      "AmplifyAppId": "d2rn8dpob5oksf"
    }
  }
}